<?xml version="1.0" encoding="UTF-8"?>
<template_settings>
	<template
		name="Remote Configuration"
		description="Remote Configuration over TFTP"
		file_to_open="readme.txt"
		details="Based, heavily, on the Simple Socket Server example, this example allows for remote update of hardware and software images using the .flash (SREC) files produced for the Nios II Flash Programmer. 
			\n
			\nThis example requires the MicroC/OS-II RTOS and the Interniche software components. It also requires several peripherals, including a lan91c111 Ethernet MAC. 
			\n
			\nThis software example runs on the following Nios II hardware designs:
			\n   - Standard
			\n   - Full Featured
			\n
			\nNote: This example will not build or run on the Altera Nios II Evaluation Kit (Cyclone EP1C12) or the Cyclone III based Nios II Embedded Evaluation Kit (NEEK).
			\n
			\nFor details, click Finish to create the project and refer to the readme.txt file in the project directory.
			">
	</template>
	<stf>
		<os_spec
			name="MicroC/OS-II">
			<sw_component
				name="NicheStack TCP/IP Stack"
				id="INICHE">
				<sys_defines>
					<define name="iniche_default_if" quote="yes" value="lan91c111"/>
				</sys_defines>
			</sw_component>
		</os_spec>
	</stf>
</template_settings>
